{
  "code": "success",
  "result": {
    "metadata": [
      {
        "definitions": [
          {
            "bucket": "Metadata",
            "bucketUUID": "ad7f7995295ddcc8226839de9d744df9",
            "defnId": 1889535264076661737,
            "desc": [
              false,
              false,
              false,
              false,
              false,
              false
            ],
            "exprType": "N1QL",
            "name": "idx_mobile_crash_reports1",
            "nodes": [
              "15:74:c:6b:87:76:a0:41"
            ],
            "partitionScheme": "SINGLE",
            "secExprs": [
              "`Crash_Id`",
              "`Crash_Group_ID`",
              "`App_Key`",
              "`Mobile_App_Name`",
              "`App_Crash_Time`",
              "`type`"
            ],
            "using": "plasma",
            "where": "(`type` = \"MobileCrashReport\")"
          },
          {
            "bucket": "Metadata",
            "bucketUUID": "ad7f7995295ddcc8226839de9d744df9",
            "defnId": 8650026409204745202,
            "desc": [
              false
            ],
            "exprType": "N1QL",
            "isArrayIndex": true,
            "name": "ai_mobile_crash_report",
            "nodes": [
              "15:74:c:6b:87:76:a0:41"
            ],
            "partitionScheme": "SINGLE",
            "secExprs": [
              "(distinct (pairs({\"App_Crash_Time\": `App_Crash_Time`, \"App_Key\": `App_Key`, \"Crash_Group_ID\": `Crash_Group_ID`, \"Crash_Id\": `Crash_Id`, \"Mobile_App_Name\": `Mobile_App_Name`, \"type\": `type`})))"
            ],
            "using": "plasma",
            "where": "(`type` = \"MobileCrashReport\")"
          },
          {
            "bucket": "Metadata",
            "bucketUUID": "ad7f7995295ddcc8226839de9d744df9",
            "defnId": 9298681363652241972,
            "desc": [
              false
            ],
            "exprType": "N1QL",
            "isArrayIndex": true,
            "name": "ai_BrowserSnapshots",
            "nodes": [
              "15:74:c:6b:87:76:a0:41"
            ],
            "partitionScheme": "SINGLE",
            "secExprs": [
              "(distinct (pairs({\"App_Key\": `App_Key`, \"Page_Name\": `Page_Name`, \"Timestamp\": `Timestamp`, \"type\": `type`})))"
            ],
            "using": "plasma",
            "where": "(`type` = \"BrowserSnapshots\")"
          },
          {
            "bucket": "Metadata",
            "bucketUUID": "ad7f7995295ddcc8226839de9d744df9",
            "defnId": 9346460291564338806,
            "exprType": "N1QL",
            "isPrimary": true,
            "name": "#primary",
            "nodes": [
              "15:74:c:6b:87:76:a0:41"
            ],
            "partitionScheme": "SINGLE",
            "using": "plasma"
          },
          {
            "bucket": "Metadata",
            "bucketUUID": "ad7f7995295ddcc8226839de9d744df9",
            "defnId": 13783820105519867265,
            "desc": [
              false,
              false,
              false,
              false,
              false,
              false
            ],
            "exprType": "N1QL",
            "name": "idx_mobile_crash_reports_agg1",
            "nodes": [
              "15:74:c:6b:87:76:a0:41"
            ],
            "partitionScheme": "SINGLE",
            "secExprs": [
              "`Crash_Group_ID`",
              "`Crash_Id`",
              "`type`",
              "`App_Key`",
              "`Mobile_App_Name`",
              "`App_Crash_Time`"
            ],
            "using": "plasma",
            "where": "(`type` = \"MobileCrashReport\")"
          },
          {
            "bucket": "Metadata",
            "bucketUUID": "ad7f7995295ddcc8226839de9d744df9",
            "defnId": 15481414640227570783,
            "desc": [
              false
            ],
            "exprType": "N1QL",
            "isArrayIndex": true,
            "name": "ai_browser_sessions",
            "nodes": [
              "15:74:c:6b:87:76:a0:41"
            ],
            "partitionScheme": "SINGLE",
            "secExprs": [
              "(distinct (pairs({\"App_Key\": `App_Key`, \"Browser\": `Browser`, \"Region\": `Region`, \"Session_Start_Time\": `Session_Start_Time`, \"type\": `type`})))"
            ],
            "using": "plasma",
            "where": "(`type` = \"BrowserSessions\")"
          }
        ],
        "indexerId": "15:74:c:6b:87:76:a0:41",
        "nodeUUID": "024ad1e077f19f3ad8f9e09e511f2eb1",
        "storageMode": "plasma",
        "topologies": [
          {
            "bucket": "Metadata",
            "definitions": [
              {
                "bucket": "Metadata",
                "defnId": 9346460291564338806,
                "instances": [
                  {
                    "instId": 8325546912858858642,
                    "partitions": [
                      {
                        "keyPartition": {},
                        "singlePartition": {
                          "slices": [
                            {
                              "indexerId": "15:74:c:6b:87:76:a0:41"
                            }
                          ]
                        }
                      }
                    ],
                    "state": 4,
                    "steamId": 1,
                    "storageMode": "plasma"
                  }
                ],
                "name": "#primary"
              },
              {
                "bucket": "Metadata",
                "defnId": 15481414640227570783,
                "instances": [
                  {
                    "instId": 4099996086121740495,
                    "partitions": [
                      {
                        "keyPartition": {},
                        "singlePartition": {
                          "slices": [
                            {
                              "indexerId": "15:74:c:6b:87:76:a0:41"
                            }
                          ]
                        }
                      }
                    ],
                    "state": 4,
                    "steamId": 1,
                    "storageMode": "plasma"
                  }
                ],
                "name": "ai_browser_sessions"
              },
              {
                "bucket": "Metadata",
                "defnId": 9298681363652241972,
                "instances": [
                  {
                    "instId": 9014415882790844850,
                    "partitions": [
                      {
                        "keyPartition": {},
                        "singlePartition": {
                          "slices": [
                            {
                              "indexerId": "15:74:c:6b:87:76:a0:41"
                            }
                          ]
                        }
                      }
                    ],
                    "state": 4,
                    "steamId": 1,
                    "storageMode": "plasma"
                  }
                ],
                "name": "ai_BrowserSnapshots"
              },
              {
                "bucket": "Metadata",
                "defnId": 1889535264076661737,
                "instances": [
                  {
                    "instId": 15607882405818794778,
                    "partitions": [
                      {
                        "keyPartition": {},
                        "singlePartition": {
                          "slices": [
                            {
                              "indexerId": "15:74:c:6b:87:76:a0:41"
                            }
                          ]
                        }
                      }
                    ],
                    "state": 4,
                    "steamId": 1,
                    "storageMode": "plasma"
                  }
                ],
                "name": "idx_mobile_crash_reports1"
              },
              {
                "bucket": "Metadata",
                "defnId": 13783820105519867265,
                "instances": [
                  {
                    "instId": 7465374020773645511,
                    "partitions": [
                      {
                        "keyPartition": {},
                        "singlePartition": {
                          "slices": [
                            {
                              "indexerId": "15:74:c:6b:87:76:a0:41"
                            }
                          ]
                        }
                      }
                    ],
                    "state": 4,
                    "steamId": 1,
                    "storageMode": "plasma"
                  }
                ],
                "name": "idx_mobile_crash_reports_agg1"
              },
              {
                "bucket": "Metadata",
                "defnId": 8650026409204745202,
                "instances": [
                  {
                    "instId": 14252855672296590375,
                    "partitions": [
                      {
                        "keyPartition": {},
                        "singlePartition": {
                          "slices": [
                            {
                              "indexerId": "15:74:c:6b:87:76:a0:41"
                            }
                          ]
                        }
                      }
                    ],
                    "state": 4,
                    "steamId": 1,
                    "storageMode": "plasma"
                  }
                ],
                "name": "ai_mobile_crash_report"
              }
            ],
            "version": 141
          }
        ]
      }
    ]
  }
}