{
  "plan": {
    "operator": "serial",
    "serialize": [
      {
        "operator": "parallel",
        "parallelize": [
          {
            "operator": "restrictions",
            "src_bucket": "Metadata",
            "snk_bucket": "Metadata",
            "src_uuid": "",
            "snk_uuid": "ad7f7995295ddcc8226839de9d744df9",
            "uuid": "",
            "complete": true
          }
        ],
        "complete": true
      },
      {
        "operator": "parallel",
        "parallelize": [
          {
            "operator": "serial",
            "serialize": [
              {
                "operator": "bucket_config",
                "src_bucket": "Metadata",
                "snk_bucket": "Metadata",
                "src_uuid": "ad7f7995295ddcc8226839de9d744df9",
                "snk_uuid": "ad7f7995295ddcc8226839de9d744df9",
                "allow_create": false,
                "complete": true
              },
              {
                "operator": "views",
                "src_bucket": "Metadata",
                "snk_bucket": "Metadata",
                "src_uuid": "ad7f7995295ddcc8226839de9d744df9",
                "snk_uuid": "ad7f7995295ddcc8226839de9d744df9",
                "complete": true
              },
              {
                "operator": "gsi",
                "src_bucket": "Metadata",
                "snk_bucket": "Metadata",
                "uuid": "ad7f7995295ddcc8226839de9d744df9",
                "snk_uuid": "ad7f7995295ddcc8226839de9d744df9",
                "complete": true
              },
              {
                "operator": "full_text",
                "src_bucket": "Metadata",
                "snk_bucket": "Metadata",
                "src_uuid": "ad7f7995295ddcc8226839de9d744df9",
                "snk_uuid": "ad7f7995295ddcc8226839de9d744df9",
                "complete": true
              },
              {
                "operator": "range",
                "bucket": "Metadata",
                "uuid": "ad7f7995295ddcc8226839de9d744df9",
                "complete": true
              },
              {
                "operator": "data",
                "src_bucket": "Metadata",
                "snk_bucket": "Metadata",
                "src_uuid": "ad7f7995295ddcc8226839de9d744df9",
                "snk_uuid": "ad7f7995295ddcc8226839de9d744df9",
                "filters": [
                  {
                    "name": "compression",
                    "policy": "unchanged"
                  }
                ],
                "complete": true
              }
            ],
            "complete": true
          }
        ],
        "complete": true
      },
      {
        "operator": "cluster_complete",
        "bucket": "",
        "uuid": "",
        "complete": true
      }
    ],
    "complete": true
  }
}